{
    "$schema": "https://schema.management.azure.com/schemas/2018-05-01/subscriptionDeploymentTemplate.json",
    "contentVersion": "1.0.0.0",
    "parameters": {
        "environmentName": {
            "type": "string",
            "metadata": {
                "description": "The name of the environment."
            }
        },
        "resourceEnvironmentName": {
            "type": "string",
            "metadata": {
                "description": "The name of the resource environment."
            }
        },
        "tags": {
            "type": "object"
        },
        "resourceGroupLocation": {
            "type": "string"
        },
        "configurationStorageConnectionString": {
            "type": "securestring",
            "metadata": {
                "description": "The connection string to connect to the table configuration storage account."
            }
        },
        "serviceName": {
            "type": "string",
            "metadata": {
                "description": "The name of the service."
            }
        },
        "customHostName": {
            "type": "string",
            "defaultValue": "",
            "metadata": {
                "description": "The DNS hostname for the service."
            }
        },
        "loggingRedisConnectionString": {
            "type": "securestring",
            "metadata": {
                "description": "The connection string for the Redis logging cache."
            }
        },
        "frontEndAccessRestrictions": {
            "type": "array",
            "metadata": {
                "description": "An array of IPs that are permitted to access the app service."
            }
        },
        "sharedEnvResourceGroup": {
            "type": "string"
        },
        "sharedFrontEndAppServicePlanName": {
            "type": "string"
        },
        "sharedFrontEndSubnetResourceId": {
            "type": "string"
        },
        "keyVaultCertificateName": {
            "type": "string",
            "metadata": {
                "description": "The name of the certificate stored in the shared keyvault."
            }
        },
        "sharedKeyVaultName": {
            "type": "string",
            "metadata": {
                "description": "The name of the shared keyvault."
            }
        },
        "sharedManagementResourceGroup": {
            "type": "string",
            "metadata": {
                "description": "The name of the shared management resource group."
            }
        },
        "sharedApimResourceGroup": {
            "type": "string"
        },
        "sharedApimName": {
            "type": "string"
        },
        "cdnUrl": {
            "type": "string"
        },
        "utcValue": {
            "type": "string",
            "defaultValue": "[utcNow()]"
        },
        "stubAuth": {
            "type": "string"
        }
    },
    "variables": {
        "deploymentUrlBase": "https://raw.githubusercontent.com/SkillsFundingAgency/das-platform-building-blocks/master/templates/",
        "resourceNamePrefix": "[toLower(concat('das-', parameters('resourceEnvironmentName'),'-', parameters('serviceName')))]",
        "resourceGroupName": "[concat(variables('resourceNamePrefix'), '-rg')]",
        "appServiceName": "[concat(variables('resourceNamePrefix'), '-as')]",
        "configNames": "SFA.DAS.EmployerCommitmentsV2,SFA.DAS.Encoding,SFA.DAS.EmployerUrlHelper,SFA.DAS.Employer.Shared.UI,SFA.DAS.Employer.GovSignIn"
    },
    "resources": [
        {
            "apiVersion": "2021-04-01",
            "name": "[variables('resourceGroupName')]",
            "type": "Microsoft.Resources/resourceGroups",
            "location": "[parameters('resourceGroupLocation')]",
            "tags": "[parameters('tags')]",
            "properties": {}
        },
        {
            "condition": "[greater(length(parameters('customHostName')), 0)]",
            "apiVersion": "2021-04-01",
            "name": "[concat(parameters('keyVaultCertificateName'), '-', parameters('utcValue'))]",
            "type": "Microsoft.Resources/deployments",
            "resourceGroup": "[parameters('sharedEnvResourceGroup')]",
            "properties": {
                "mode": "Incremental",
                "templateLink": {
                    "uri": "[concat(variables('deploymentUrlBase'),'app-service-certificate.json')]",
                    "contentVersion": "1.0.0.0"
                },
                "parameters": {
                    "keyVaultCertificateName": {
                        "value": "[parameters('keyVaultCertificateName')]"
                    },
                    "keyVaultName": {
                        "value": "[parameters('sharedKeyVaultName')]"
                    },
                    "keyVaultResourceGroup": {
                        "value": "[parameters('sharedManagementResourceGroup')]"
                    }
                }
            }
        },
        {
            "apiVersion": "2021-04-01",
            "name": "[concat(variables('appServiceName'), '-app-insights-', parameters('utcValue'))]",
            "type": "Microsoft.Resources/deployments",
            "resourceGroup": "[variables('resourceGroupName')]",
            "properties": {
                "mode": "Incremental",
                "templateLink": {
                    "uri": "[concat(variables('deploymentUrlBase'),'application-insights.json')]",
                    "contentVersion": "1.0.0.0"
                },
                "parameters": {
                    "appInsightsName": {
                        "value": "[variables('appServiceName')]"
                    },
                    "attachedService": {
                        "value": "[variables('appServiceName')]"
                    }
                }
            },
            "dependsOn": [
                "[variables('resourceGroupName')]"
            ]
        },
        {
            "apiVersion": "2021-04-01",
            "name": "[concat(variables('appServiceName'), '-', parameters('utcValue'))]",
            "resourceGroup": "[parameters('sharedApimResourceGroup')]",
            "type": "Microsoft.Resources/deployments",
            "properties": {
                "mode": "Incremental",
                "templateLink": {
                    "uri": "[concat(variables('deploymentUrlBase'),'apim/apim-subscription.json')]",
                    "contentVersion": "1.0.0.0"
                },
                "parameters": {
                    "apimName": {
                        "value": "[parameters('sharedApimName')]"
                    },
                    "subscriptionName": {
                        "value": "[variables('appServiceName')]"
                    },
                    "subscriptionScope": {
                        "value": "[concat('/subscriptions/', subscription().subscriptionId, '/resourceGroups/', parameters('sharedApimResourceGroup'), '/providers/Microsoft.ApiManagement/service/', parameters('sharedApimName'), '/products/ApprovalsOuterApi')]"
                    }
                }
            }
        },
        {
            "apiVersion": "2021-04-01",
            "name": "[concat(variables('appServiceName'), '-', parameters('utcValue'))]",
            "type": "Microsoft.Resources/deployments",
            "resourceGroup": "[variables('resourceGroupName')]",
            "properties": {
                "mode": "Incremental",
                "templateLink": {
                    "uri": "[concat(variables('deploymentUrlBase'),'app-service-v2.json')]",
                    "contentVersion": "1.0.0.0"
                },
                "parameters": {
                    "appServiceName": {
                        "value": "[variables('appServiceName')]"
                    },
                    "appServicePlanName": {
                        "value": "[parameters('sharedFrontEndAppServicePlanName')]"
                    },
                    "appServicePlanResourceGroup": {
                        "value": "[parameters('sharedEnvResourceGroup')]"
                    },
                    "subnetResourceId": {
                        "value": "[parameters('sharedFrontEndSubnetResourceId')]"
                    },
                    "appServiceAppSettings": {
                        "value": {
                            "array": [
                                {
                                    "name": "EnvironmentName",
                                    "value": "[parameters('environmentName')]"
                                },
                                {
                                    "name": "ConfigurationStorageConnectionString",
                                    "value": "[parameters('configurationStorageConnectionString')]"
                                },
                                {
                                    "name": "APPINSIGHTS_INSTRUMENTATIONKEY",
                                    "value": "[reference(concat(variables('appServiceName'), '-app-insights-', parameters('utcValue'))).outputs.InstrumentationKey.value]"
                                },
                                {
                                    "name": "ASPNETCORE_ENVIRONMENT",
                                    "value": "[toUpper(parameters('environmentName'))]"
                                },
                                {
                                    "name": "LoggingRedisConnectionString",
                                    "value": "[parameters('loggingRedisConnectionString')]"
                                },
                                {
                                    "name": "Cdn:Url",
                                    "value": "[parameters('cdnUrl')]"
                                },
                                {
                                    "name": "ResourceEnvironmentName",
                                    "value": "[parameters('resourceEnvironmentName')]"
                                },
                                {
                                    "name": "StubAuth",
                                    "value": "[parameters('stubAuth')]"
                                },
                                {
                                    "name": "ConfigNames",
                                    "value": "[variables('configNames')]"
                                }
                            ]
                        }
                    },
                    "customHostName": {
                        "value": "[parameters('customHostName')]"
                    },
                    "certificateThumbprint": {
                        "value": "[if(greater(length(parameters('customHostname')), 0), reference(concat(parameters('keyVaultCertificateName'), '-', parameters('utcValue')), '2018-11-01').outputs.certificateThumbprint.value, '')]"
                    },
                    "ipSecurityRestrictions": {
                        "value": "[parameters('frontEndAccessRestrictions')]"
                    }
                }
            },
            "dependsOn": [
                "[variables('resourceGroupName')]"
            ]
        }
    ],
    "outputs": {
        "ResourceGroupName": {
            "type": "string",
            "value": "[variables('resourceGroupName')]"
        },
        "AppServiceName": {
            "type": "string",
            "value": "[variables('appServiceName')]"
        }
    }
}
